{"cameraMode":{"drawMode":0,"name":"Shaded","section":"Shading Mode"},"sceneLighting":true,"audioPlay":false,"sceneViewState":{"showFog":true,"showMaterialUpdate":false,"showSkybox":true,"showFlares":true,"showImageEffects":true,"showParticleSystems":true},"in2DMode":false,"pivot":{"x":-12.360753059387207,"y":0.08300000429153443,"z":-8.076748847961426},"rotation":{"x":-0.2657565176486969,"y":-0.08230183273553848,"z":0.022778719663619996,"w":-0.9602505564689636},"size":20.120208740234376,"orthographic":true}