{"cameraMode":{"drawMode":0,"name":"Shaded","section":"Shading Mode"},"sceneLighting":true,"audioPlay":false,"sceneViewState":{"showFog":true,"showMaterialUpdate":false,"showSkybox":true,"showFlares":true,"showImageEffects":true,"showParticleSystems":true},"in2DMode":false,"pivot":{"x":176.41270446777345,"y":222.56414794921876,"z":-20.63165283203125},"rotation":{"x":0.08805182576179505,"y":-0.33390387892723086,"z":-0.03134537115693092,"w":-0.9379619359970093},"size":273.0666198730469,"orthographic":false}