{"cameraMode":{"drawMode":0,"name":"Shaded","section":"Shading Mode"},"sceneLighting":false,"audioPlay":false,"sceneViewState":{"showFog":true,"showMaterialUpdate":false,"showSkybox":false,"showFlares":true,"showImageEffects":true,"showParticleSystems":true},"in2DMode":false,"pivot":{"x":-0.000041961669921875,"y":0.0,"z":0.9057859778404236},"rotation":{"x":0.6366610527038574,"y":0.05652199313044548,"z":-0.046880777925252917,"w":0.7676393985748291},"size":8.248628616333008,"orthographic":false}